id;title;created_date;type;description;p_df_file_name;1
1;"IAzdrz";2021-11-26T18:12:45;SINGLEVOICE;expedite;Generic index bandwidth-monitored;1
2;"dK";2021-11-27T11:07:00;SINGLEVOICE;open-source Account XSS;Rustic Borders;1
3;"HWXo";2021-11-26T21:10:49;SINGLEVOICE;SSL Rustic;Gorgeous Schleswig-Holstein Home;1
4;"d";2021-11-26T17:04:58;SCORE;port Rheinland-Pfalz;deposit alliance Table;1
5;"q";2021-11-26T16:30:37;SINGLEVOICE;invoice Bedfordshire;Baden-WÃ¼rttemberg St. seamless;1
6;"j";2021-11-26T14:32:31;SCORE;Agent Place Bremen;driver leverage Car;1
7;"6JkZL";2021-11-27T02:22:44;SINGLEVOICE;Markets firewall Market;back-end intuitive;1
8;"XyCf";2021-11-27T03:05:54;SCORE;Clothing Branding Granite;Plastic;1
9;"LT";2021-11-26T19:55:45;SCORE;Shoes auxiliary Chair;collaborative salmon Albanien;1
10;"X1";2021-11-26T20:09:34;SINGLEVOICE;Future;lavender;1
