id;name;composer;created_date
1;contextually-based Baden-WÃ¼rttemberg Fresh;Table Mikronesien;2021-11-27T10:18:32
2;Soft functionalities;Account Total;2021-11-26T14:24:31
3;technologies Soft Senior;Assistant Bike;2021-11-26T23:37:53
4;world-class gold;Berkshire Tools portals;2021-11-27T03:46:02
5;Licensed Beauty ROI;Prairie;2021-11-27T09:24:04
6;copying Central payment;Keyboard Optional Sachsen;2021-11-26T15:07:01
7;Direct Radial;magenta;2021-11-26T21:47:34
8;firewall ADP International;Up-sized Jewelery application;2021-11-27T00:51:00
9;Account Concrete program;input;2021-11-26T17:33:17
10;Small;invoice digital parsing;2021-11-26T12:26:12
